"","STATE.1","AG_TOT","ASPCTDEG","ELEVMEAN","FOR_TOT","KM_SEA","POPDENKM","PRECIP_M","RD_DEN","RNG_TOT","SLOPMEAN","WSAREA","W1_HALL","LAT_DD","LON_DD"
"1","WA",0,38,1568,71.71,98,0.016,2.441,0,18.52,27.19,63.6483,0,47.63122,120.96894
"2","WA",0,310,1263.5,80.64,60,0.205,3.031,0,11,25.51,14.6645,0.803054545,47.44774,121.51269
"3","WA",0.37,155,1630.4,66.96,150,0.146,1.112,3.88,24.11,26.31,1135.042,1.484922727,48.50849,120.28161
"4","WA",0,174,1488.1,51.13,26,0,3.608,0,36.53,23.36,2.2885,0,47.65133,123.35231
"5","WA",1.04,109,1161,73.4,258,1.351,0.445,12.37,16.84,13.63,1664.4121,2.060609091,48.39025,118.74508
"6","WA",0,267,974.7,80.99,31,0.058,4.321,0.33,4.68,27.49,325.0005,0.553045455,47.81989,124.01959
"7","WA",0.05,228,227.9,94.32,24,1.42,3.084,11.16,0.05,7.86,3.5156,0,47.27658,123.45342
"8","WA",0,55,1526.3,72.98,95,0.032,1.848,0.01,18.08,26.63,61.704,0.33335,47.77337,120.92748
"9","WA",0.11,308,850.3,81.05,58,1.728,2.227,16.06,0.81,18.73,188.6136,0.33335,46.72199,122.15535
"11","WA",0,60,1345.2,70.7,124,0,0.858,19.45,28.97,21.36,0.5219,0,47.41879,120.67906
"12","WA",0,280,375.5,97.29,2,9.897,1.743,0.69,0.06,14.49,4.8517,0.181827273,48.6306,122.4367
"13","WA",0.04,280,1165.1,76.56,52,0,2.065,10.6,2.07,21.67,10.9793,1.5,46.89647,121.98878
"14","WA",0,296,1230.3,72.3,62,0.144,2.649,0,17.65,27.55,6.9289,0.33335,47.62097,121.49538
"15","WA",0,78,1558,71.87,138,0,0.988,1.65,26.67,23.82,21.3261,0.507581818,47.93462,120.30551
"16","WA",0,97,1619.8,54.23,88,0.012,3.622,0,23.66,28.98,80.4817,0,48.02028,120.97756
"17","WA",0,324,1194.3,68.66,125,0.045,0.873,18.05,28.39,24.95,155.3356,1.075768182,47.46304,120.65988
"18","WA",0,324,1201.6,68.36,125,0,0.876,17.82,28.68,24.91,151.5035,1.977272727,47.45026,120.65278
"19","WA",0,15,976.4,74.44,135,0.578,0.77,15.61,24.63,23.88,34.6052,0.75,47.43262,120.53316
"20","WA",0,166,1619.3,65.71,99,0.021,1.461,0.94,19.94,28.26,145.2825,0.393959091,48.02649,120.828
"21","WA",0,79,1426,69.47,91,0,2.877,0,22.4,30.99,48.5155,0.33335,47.94051,120.93223
"22","WA",0,89,1485.5,87.91,108,0,1.511,0,9.19,26.37,2.8274,0,47.69859,120.77602
"23","WA",0,293,1307.1,77.37,61,0,3.458,1.7,11.47,28.54,200.3467,0.477286364,48.09318,121.33997
"24","WA",0,331,1182.1,89.17,141,0,0.718,6.18,10.51,21.68,24.655,0.924259091,47.3599,120.45611
"25","WA",0,142,313.2,73.94,16,0,3.121,0,0.23,21.49,8.8551,0.484872727,47.69004,124.17229
"26","WA",0,206,152.5,76.38,18,0,2.125,11.02,0.18,15.27,5.9826,0.742454545,46.91606,123.58942
"27","WA",0,190,1168.9,94.22,117,0,2.491,0.43,3.16,25.85,33.7566,0,46.20903,121.79269
"28","WA",0,26,1799.8,54.67,96,0,2.616,0,15.38,28.19,0.6964,0,47.54551,121.04039
"29","WA",0,118,1422.9,76.45,85,0,2.113,1.6,15.14,24.94,126.6447,0.33335,46.77709,121.55199
"30","OR",0,121,1076,96.66,134,0,2.447,0,2.96,29.81,0.852,0,44.86339,122.27982
"31","WA",0,80,1344.6,81,101,0,1.421,0,5.51,12.9,1.0289,1.5,47.76982,120.84474
"32","WA",0,68,1641,49.84,96,0,1.562,0,34.56,35.83,1.479,0,48.03268,120.86401
"33","WA",0,32,1583.4,69.98,90,0.047,2.746,0,15.41,26.86,21.1333,0,47.64945,121.06659
"34","WA",76.71,79,759,14.58,339,2.992,0.415,11.61,6.35,3.35,96.5938,0.575786364,47.73425,117.66951
"35","WA",0,307,1314.4,98.34,338,1.538,1.233,22.41,0,13.66,1.9503,1.727359091,48.76751,117.75771
"36","WA",0,106,1501.4,75.57,103,0.023,2.263,0.35,15.41,26.14,214.5843,0.6667,47.61033,120.89884
"37","WA",0,235,1904.9,58.46,99,0,1.126,0,24.22,29.17,3.8718,0.712145455,48.09626,120.82736
"38","WA",0,110,1320.4,91.98,80,0,2.646,0,5.79,20.41,8.8953,0,47.86274,121.10128
"39","WA",9.74,142,1010.6,45.18,195,15.842,0.951,12.91,36.56,13.67,9728.1756,1.9016,46.3601,120.20952
"40","WA",0.94,149,1252.9,72.3,137,2.468,1.499,6.94,16.78,24.31,3081.5767,3.787990909,47.52283,120.47733
"41","OR",1.68,307,989.8,0.32,311,0.25,0.443,6.59,97.99,10.53,79.9168,1.83335,45.36827,119.44512
"42","OR",0,59,1910.1,92.12,300,0,0.689,16.85,7.95,16.41,2.5705,2.1667,42.56842,120.53169
"43","OR",50.44,190,168,46.59,65,21.52,1.31,18.27,1.87,8.3,11.7149,2.16675,45.33711,123.05414
"44","OR",0,344,1615.3,94.33,490,0,0.929,26.28,5.74,11.14,4.2784,1.075768182,45.11462,116.85546
"45","OR",5.34,309,635.5,84.77,81,12.781,1.509,16.47,6.69,16.87,1490.5186,2.037918182,43.94272,122.98016
"46","OR",5.25,290,704.8,84.47,15,8.298,1.287,13.3,7.56,17.44,10455.3247,4.280431818,43.656,123.72822
"47","OR",6.98,258,932.6,80.41,32,19.924,1.058,14.74,9.67,15.45,10097.4333,0.704563636,42.65605,124.00408
"48","OR",0.03,55,2034.1,67.56,192,0,1.359,5.21,14.08,11.08,21.6021,0.378804545,44.1384,121.59992
"49","OR",0,113,2047.3,80.5,296,0.172,0.837,16.58,11.2,9.97,5.8044,1.511133333,42.2377,120.57559
"50","OR",0,271,1250.2,80.11,311,0.08,0.516,18.59,19.47,11.2,62.6297,5.894036364,45.09665,119.60892
"51","OR",0,193,1375.1,86.69,347,0.057,0.648,29.15,13.37,4.94,17.4059,0.3788,45.02468,119.1499
"52","OR",0,15,1583,88.94,395,0,0.567,0,10.79,12.48,2.2524,0.863654545,44.65353,118.72859
"53","OR",0,286,1658.9,88.63,379,0.089,0.565,10.5,11.31,16.74,11.1958,0.431836364,44.30712,119.17495
"54","OR",0,154,1259.3,86.99,162,0,1.43,6.89,7.64,17.81,10.2187,0.939440909,45.24921,121.65964
"55","OR",0,250,1429.4,92.81,387,0,0.554,21.85,7.25,12.6,16.289,1.962331349,44.71049,118.80126
"56","OR",4.5,25,1279.7,45.95,209,4.244,0.519,12.79,46.39,6.47,24853.9498,4.310659091,45.05361,121.11735
"57","OR",0.54,295,1426.7,68.8,339,0.173,0.603,15.04,29.22,11.59,5181.6923,1.340959091,44.9201,119.3332
"58","OR",0,106,1507.3,33.44,355,0.048,0.497,12.26,66.03,11.65,41.283,2.159122727,44.09685,119.51709
"59","OR",2.85,14,1915.3,78.8,411,0.3,0.892,2.6,12.89,19.66,49.9762,2.396857143,44.39835,118.67973
"60","OR",0,126,1842.5,94.3,407,0,0.856,33.21,5.42,12.85,0.8972,1.954554545,44.67177,118.54373
"61","OR",66.23,312,302.4,29.23,92,7.506,1.547,11.43,2.99,7.2,60.7544,2.530386364,44.96688,122.79566
"62","OR",0.01,65,1544.7,82.25,198,0.592,1.162,15.22,6.12,5.67,1465.129,4.939472727,43.84517,121.46504
"63","OR",2.36,293,286.2,92.17,31,1.402,1.326,19.44,3.95,16.68,635.5669,0.424263636,43.98701,123.63981
"64","OR",0,18,1399.3,80.14,334,0.355,0.812,21.34,18.55,12.05,30.9653,3.704604545,45.2455,119.20877
"65","OR",0.56,295,1253.6,19.06,466,0.379,0.803,7.49,80.4,8.83,23.7355,1.545463636,44.89855,117.42313
"66","OR",0,300,118.1,90.93,5,1.618,2.008,14.79,4.18,24.3,6.1822,0.931840909,43.64969,124.09439
"67","OR",0.02,163,1119.7,31.79,339,0,0.456,10.08,68.22,11.18,29.6871,1.378804545,44.9714,119.29882
"68","OR",1.63,35,1221.9,46.63,295,0.647,0.469,10.2,51.53,13.3,363.1677,1.704572727,44.62217,120.20966
"69","OR",0,259,1652.2,94.42,380,0,0.788,0,5.58,19.79,7.2031,0,45.05124,118.66491
"70","OR",0,19,1405.7,73.56,301,0,0.493,16.43,26.45,4.32,12.5901,1.66675,44.99865,119.80257
"71","OR",0,221,1764.2,98.06,151,0.024,1.736,1.23,0.7,9.78,41.36,0.33335,43.64373,122.03084
"72","OR",0,231,1260.5,97.61,120,0,1.415,2.93,1.02,22.8,60.9614,0.075,43.33054,122.50774
"73","OR",0.06,169,2054.5,1.77,368,0.03,0.517,5.84,91.62,8.53,33.2479,0.33335,42.3827,119.72094
"74","OR",16.89,270,1461.5,46.14,356,0.177,0.442,10.22,36.87,6.88,322.0301,0,44.61828,119.29951
"75","OR",0,201,2502.9,7.84,447,0.076,1.218,0.41,61.68,26.76,13.1005,0.6667,42.59043,118.59834
"76","OR",0,170,2541.3,6.68,447,0,1.167,0,59.64,26.95,5.1748,0.6667,42.60206,118.59338
"77","OR",0.66,21,1558.7,88.61,220,0.026,0.608,19.75,5.88,4.55,349.8366,0.272736364,42.83172,121.45684
"78","OR",0,150,1843.7,88.35,181,0.152,1.475,8.1,8.4,10.29,72.4084,0.712154545,42.76615,122.05922
"79","OR",0.08,5,2001.6,1.07,366,0.032,0.498,5.18,98.67,10.69,31.5374,0.272740909,42.53102,119.68224
"80","OR",0.08,251,2109.8,10.77,360,0,0.531,0,89.02,17.87,15.2441,0.424245455,42.47762,119.78429
"81","OR",0.02,22,2014.4,6,486,0.045,0.515,3.27,93.83,12.48,44.4041,1.151563636,42.19177,118.21222
"82","OR",0,273,288.5,97.61,17,0.141,1.381,16.35,1.77,22.15,517.595,1.431868182,43.80605,123.7997
"83","OR",0,273,293.1,98.06,19,0.123,1.348,16.38,1.42,22.32,457.0822,1.189436364,43.80315,123.7635
"84","OR",0,4,2055.1,84,411,0.039,0.89,9.49,14.23,18.88,25.3933,0,44.90831,118.31331
"85","OR",0,271,287.3,97.6,15,0.143,1.387,16.28,1.78,22.15,523.7795,1.803090909,43.7875,123.81667
"86","OR",0,271,283.5,97.59,13,0.158,1.404,16.12,1.78,22.17,544.6014,1.8334,43.78817,123.85257
"87","OR",0,271,279.7,97.48,12,0.162,1.437,16.18,1.93,22.24,573.1072,1.280359091,43.78583,123.88657
"88","OR",0,270,279.2,97.47,11,0.165,1.438,16.16,1.94,22.23,574.7119,1.416725,43.78136,123.8994
"89","OR",0.09,270,277.3,96.96,9,0.228,1.66,14.46,2.1,22.33,851.6477,2.174322727,43.77611,123.96639
"90","ID",0,99,1446.6,90,503,0.03,1.317,2.52,9.81,21.08,66.5886,0,46.97061,115.67634
"91","OR",0.64,309,1562.8,90.18,407,0.032,0.67,23.6,7.39,11.04,411.6721,2.174254545,44.62214,118.57732
"92","OR",0,351,1644.9,95.67,366,0,0.528,7.79,4.34,12.63,38.6722,0.477281818,44.20009,119.3513
"93","OR",0,306,1884.3,84.81,381,0,0.74,14.17,15.05,10.36,3.4869,2.2778625,44.84933,118.78612
"94","ID",0,12,2790.8,23.27,755,0,0.789,2.34,52.74,22.22,145.7734,1.365415385,44.27217,113.65676
"95","WA",0.03,77,1387.9,54.98,403,0.009,0.714,6.19,34.86,24.03,113.9332,0,46.25916,117.2983
"96","WA",0,140,1464.9,91.09,112,0.08,1.538,2.71,6.2,14.01,50.2387,0.33335,46.64714,121.25314
"97","WA",0.01,229,230.9,92.42,9,25.043,1.683,15.77,0.23,7.21,28.83,0.265154545,47.51495,122.88112
"98","WA",0,236,252.2,80.23,33,2.361,1.687,10.81,0.73,8.29,41.5108,0.181827273,47.60549,121.88473
"99","WA",0,82,1151.1,84.59,11,0.035,2.469,0,10.57,30.86,143.09,0,47.68431,123.06967
"100","WA",0,194,1776.6,45.76,112,0,2.233,0,28.73,22.7,10.5509,0,46.48341,121.49365
"101","WA",0,161,1588.8,94.27,106,0.104,1.698,0.7,3.29,12.99,19.1385,0,46.69194,121.30191
"102","WA",3.67,108,923.4,8.57,143,0.174,0.677,9.07,87.69,8.92,97.6958,1.090959091,46.87763,120.57266
"103","WA",0,127,1367.3,69.6,78,0,3.328,0,23.86,28.67,10.6544,0,47.40512,121.28533
"104","WA",0,119,1110.9,79.12,75,0.563,2.189,0,12.55,30.51,62.1408,0.469713636,48.57332,121.42803
"105","WA",0,218,1829.2,64.86,145,0.003,1.123,1.76,26.51,27.65,315.892,0.030304545,48.70086,120.49065
"106","WA",0,6,1130,76.77,96,0.677,1.922,0.07,10.55,29.75,7.3939,0,48.71015,121.14456
"107","WA",0,232,1379.1,60.11,393,0,0.842,2.62,38.88,27.83,54.9419,0.030304545,46.03659,117.56858
"108","WA",0,118,570.6,99.9,34,0.134,3.453,0,0.05,28.94,7.4456,0,47.83317,123.99033
"109","WA",0,232,253.2,78.29,34,1.11,1.706,11.06,0.59,8.74,35.1323,2.333391667,47.60794,121.86619
"110","WA",0.64,154,1270.5,72.81,130,2.109,1.524,6.65,16.36,24.42,2990.1088,2.651595455,47.54385,120.5624
"111","OR",1.91,266,1372.1,60.29,312,0.624,0.529,11.82,36.94,12.66,12541.1123,1.840990909,44.81946,119.7822
"112","OR",4.74,28,1332.6,47.03,222,4.887,0.518,13.47,44.72,5.99,21289.9533,1.424277273,44.79317,121.14458
"113","OR",0,351,415.2,90.28,22,0,3.19,17.15,8.98,14.59,8.1113,0,45.20871,123.64986
"114","OR",0,359,1366,98.67,148,0,1.827,0,1.52,30.59,2.48,1,43.95093,122.11568
"115","OR",0,324,2216.9,44.27,440,0.031,1.567,0,17.2,24.46,31.8343,0,45.2719,117.46555
"116","OR",0,158,1319.2,69.54,173,0,1.084,10.29,5.37,6.9,9.2017,1.484881818,45.19196,121.54788
"117","OR",0,312,1587.7,69.85,369,0.061,0.493,12.68,29.76,11.76,163.3379,2.500036364,44.0151,119.33692
"118","OR",0,111,1420.3,79.19,346,0,0.481,15.38,20.83,8.92,15.6122,1.765168182,44.27744,119.59314
"119","OR",0,177,1152.2,79.78,297,0.171,0.416,11.25,20.17,10.76,58.633,2,44.85744,119.96734
"120","OR",0.33,278,1493.2,73.11,351,0.159,0.667,15.72,24.73,11.54,2672.6511,1.492481818,44.99359,119.11039
"121","OR",3.99,283,1615.1,64.78,216,0.427,0.582,13.72,24.88,5.27,3750.7712,1.477336364,42.56563,121.68148
"122","OR",4.07,305,893.8,85.11,75,16.297,1.659,12.22,5.03,15.89,8817.6551,1.386422727,44.14963,123.12275
"123","OR",1.87,266,1363.8,59.89,307,0.627,0.526,11.77,37.37,12.68,12871.9742,1.537936364,44.81599,119.85593
"124","OR",1.79,265,1339.5,58.65,285,0.597,0.517,11.45,38.72,12.81,13805.2513,0.871245455,44.75114,120.24001
"125","OR",0.01,180,1502.7,69.76,316,0,0.52,11.29,30.21,8.72,11.0384,2.674309091,44.26846,119.97696
"126","OR",2.63,293,819.1,87.84,101,8.937,2.207,12.03,2.63,15.85,1248.4691,1.727345455,45.51505,122.36105
"127","OR",0,248,1286.7,81.13,147,0,2.243,0,3.97,21.12,0.7023,2.1667,44.54929,122.07407
"128","OR",0,115,1519.2,32.88,492,0.089,0.39,6.85,67.04,16.24,22.4775,1.83335,44.42964,117.51413
"129","OR",0,184,328.3,98.14,25,0,1.608,11.61,1.52,20.73,40.3739,0.6667,43.85208,123.71965
"130","OR",0.85,252,1347.9,57.74,360,0.3,0.645,19.16,38.42,7.74,1037.5657,1.447009091,45.03431,118.97695
"131","OR",0,288,1508.2,74.55,376,0.062,0.497,20.9,25.39,12.43,16.0707,1.333354545,44.711,118.95006
"132","OR",0,255,1823.1,90.28,360,0,0.548,4.24,9.52,15.33,1.949,1.621227273,44.35097,119.41207
"133","OR",0.14,319,1208.5,57.63,283,0.115,0.449,13.57,41.6,11.12,218.3102,1.5,45.16741,119.95186
"134","OR",0,290,1632.2,76.22,409,0,0.69,19.95,21.65,11.63,33.211,1.833336364,44.77941,118.45238
"135","OR",0,1,2052,85.62,392,0,0.896,0,13.88,14.66,3.3374,1.818272727,44.77885,118.68596
"136","OR",0,228,1379.4,79.14,324,0.118,0.613,8.98,18.58,11.4,25.456,0,45.05222,119.45154
"137","OR",0,309,1804.3,98.06,394,0,0.771,0,1.53,10.61,6.2429,0.303045455,44.95509,118.54965
"138","OR",0,20,1788.8,98.03,390,0,0.735,0,2.3,15.9,0.5876,0,44.96174,118.60722
"139","OR",0,303,702,91.89,36,0,2.702,18.4,0.2,16.79,5.9565,0.33335,45.30062,123.47625
"140","OR",2.73,32,1271.6,48.45,298,0.224,0.476,11,48.83,14.18,22.3109,2.25,44.56008,120.17442
"141","OR",4.6,284,292.7,87.45,40,2.221,1.266,18.42,5.8,14.09,325.6086,0.545454545,43.87526,123.50137
"142","OR",5.74,255,901.3,82.35,19,16.151,1.298,13.65,9.43,16.72,12936.6367,0.515177273,42.52151,124.16393
"143","OR",0,302,1687.1,72.68,266,0.226,0.59,9.36,21.52,6.28,141.8782,1.136404545,42.32293,120.98587
"144","OR",5.09,27,1230.4,43.86,206,3.901,0.516,12.14,47.92,6.78,27576.6578,1.098527273,45.41337,120.86524
"145","OR",0,148,2442.2,2.37,456,0,1.829,6.5,18.37,27.72,1.4403,0,45.15893,117.31785
"146","OR",0,288,1471.9,82.63,362,0,0.487,9.95,16.91,10.45,37.6925,1.636390909,44.25839,119.39838
"147","OR",0,322,1688.5,79.48,327,0.041,0.691,16.81,19.66,12.39,97.3513,0.226192857,44.44277,119.81356
"148","OR",0,31,1262.4,56.64,306,0.18,0.466,12.56,42.67,13.42,55.5616,1.787895455,44.76812,119.90937
"149","OR",0,168,1514.7,90.62,380,0,0.704,30.59,9.28,16.08,9.421,0.060609091,44.99637,118.72535
"150","OR",0,130,1438.8,99.55,172,0,0.951,0,0.37,17.2,1.9365,0,45.30179,121.44914
"151","OR",1.2,290,1123.9,53.7,274,0.241,0.439,11.34,44.76,13.9,78.9586,2.234881818,44.99278,120.19689
"152","OR",0,342,1635.8,77.19,414,0,0.671,11.21,22.34,9.76,4.4236,1.65155,44.78677,118.37703
"153","OR",0,192,1464.1,72.67,332,0.026,0.74,12.56,15.65,8.21,38.8451,0.606090909,45.05039,119.34993
"154","OR",0.03,279,1361.2,41,333,0.115,0.404,7.77,58.92,14.38,17.3429,1.515227273,44.62332,119.63725
"155","OR",0,160,1556.9,69.84,339,0,0.879,8.77,18.63,7.67,39.448,0,45.09129,119.21856
"156","ID",0,76,1730.1,1.18,640,0.004,0.407,7.08,98.55,6.45,191.72,0.090913636,42.73022,116.10283
"157","ID",0.01,322,2205.2,69.28,548,0,1.498,0.54,18.21,22.09,31.0629,0,45.13492,115.98106
"158","ID",0.03,241,1735.4,85.88,578,0.08,0.855,12.93,12.26,15.2,74.9202,1.631958333,44.3463,116.23931
"159","ID",0,187,2568.9,77.81,652,0,0.987,7.78,5.33,12.6,1.6899,0.363636364,45.05314,114.56209
"160","ID",0,124,1937.2,48.79,923,0.116,0.762,3.83,48.62,14.71,17.2276,0.303031818,42.72383,112.42346
"161","ID",0,88,2678.2,62.75,818,0,0.624,0,23.77,28.1,40.4653,0,44.36224,112.69213
"162","ID",0,99,2472.6,41.28,784,0,0.639,0.38,58.19,21.39,1.3083,0.242427273,44.00835,113.45559
"163","ID",0,164,2133.1,21.66,757,0,0.647,10.72,78.15,12.33,41.7707,0.181818182,42.08026,114.26379
"164","ID",0.03,215,1858.7,2.33,735,0.002,0.363,9.71,97.28,6.06,623.8417,0.909136364,42.02202,114.53395
"165","ID",0,216,2156.1,8.33,758,0,0.589,9.33,91.6,14.33,12.0362,0.643968182,42.07645,114.24879
"166","OR",0,61,636.3,92.57,86,2.682,1.53,12.57,1.77,20.45,10.4439,0.866685,43.69991,122.84892
"167","WA",0,151,1108,98.58,108,0,1.053,9.22,0.24,16.65,7.7655,1.439427273,47.91787,120.71826
"168","WA",1.3,143,1211.8,70.95,143,3.775,1.42,7.27,18.52,24.13,3394.2657,2.037945455,47.48772,120.41352
"169","WA",0,109,1553.3,70.99,115,0.115,1.846,1.29,17.72,26.92,469.255,0.757604545,47.55338,120.76985
"170","WA",0,80,1380.6,85.03,90,0.027,2.096,5.28,8.37,25.88,36.4251,0.393959091,47.82841,120.98266
"171","WA",0,339,1662.6,66.29,86,0,3.067,0,1.83,28.26,2.7073,0,47.98425,120.99859
"172","WA",0,48,1211.2,85.11,58,0.087,2.113,14.38,2.6,27.71,23.1078,0.819458333,47.04861,121.70081
"173","WA",0.17,107,957.9,86.75,288,0.105,0.505,14.67,3.86,15.06,19.111,1.916690909,48.20525,118.32031
"174","WA",0.15,162,1342.7,73.33,121,0.628,1.706,4.34,14.66,24.73,2350.727,1.833377273,47.57879,120.66564
"175","WA",0.02,323,794.7,45.22,45,0,2.354,11.97,1.85,25.05,22.5959,0.939418182,46.71331,122.48159
"176","WA",0,246,649.9,100.15,62,0,2.083,21.68,0.06,21.74,1.473,1.363636364,46.2615,122.52147
"177","WA",0,169,1798.3,96.18,113,0,1.256,0,3.66,11.58,1.1313,0,47.90893,120.6473
"178","WA",0,97,1261.7,56.33,124,0,0.918,17.09,41.29,26.91,10.8795,3.204563636,47.39113,120.68333
"179","WA",0,260,1154.2,90.77,116,0.629,0.98,18.29,3.39,18.36,27.0259,2.3113829,47.77379,120.63449
"180","WA",0,280,1398,99.45,103,0,1.18,0,0,28.1,1.3177,0,47.98587,120.76811
"181","WA",0,93,1738.2,56.62,116,1.22,1.368,6.56,25.6,28.12,64.7567,0,47.45253,120.76926
"182","WA",0,10,1611.5,79.07,103,0.014,1.787,0.71,13.29,24.93,69.3971,0.6667,47.58554,120.92391
"183","WA",0,82,1388.3,84.95,89,0.029,2.106,5.2,8.62,25.84,34.9554,0.856086364,47.82426,120.98872
"184","WA",0,277,738.1,86.38,16,2.937,2.669,9.62,4.47,21.39,479.0554,1.697031818,48.09697,121.97872
"185","WA",0,120,1040,79.11,91,0.158,2.05,18.78,1.47,21.06,31.7282,0.954581818,46.59523,121.72171
"186","WA",0,200,199.1,88.53,17,0.874,3.008,5.27,0.05,9.18,43.4731,1.242445455,48.02538,124.44327
"187","WA",0,55,1470.4,65.02,390,0,0.768,28.41,7.38,15.16,20.4378,2.8182,46.25956,117.48154
"188","WA",0,55,1747.3,86.41,103,0,1.789,0,7.72,23.11,2.5778,0.151522727,46.84485,121.18622
"189","WA",0.01,284,410.4,88.83,22,0,3.646,8.38,0.28,23.91,45.2905,1.363695455,47.53383,124.05941
"190","ID",0,223,1693.4,79.34,582,0,1.66,12.45,10.27,23.93,13.9835,0.458333333,46.56095,114.78078
"191","ID",0,300,2043.4,75.22,626,0.075,1.103,11.71,17.49,15.61,40.2288,0.33335,44.03402,115.81346
"192","ID",0.02,188,1202.5,94.83,425,0.12,1.3,17.73,0.58,21.97,108.0414,0.886368182,47.79687,116.50889
"193","ID",0,213,2623,46.32,696,0,1.115,0,48.35,22.04,1.5842,0,43.68952,115.085
"194","ID",0,288,1596,84.3,451,0,2.148,3.76,9.73,20.45,25.9974,0.33335,48.32913,116.1561
"195","ID",0,264,2172.1,28.43,723,0.024,0.704,5.34,70.38,18.91,168.7113,0.75,43.55661,114.80021
"196","ID",0,146,2070.5,79.98,673,0.048,0.843,13.42,14.41,18.76,20.9442,0.354184375,45.51286,113.99451
"197","ID",0,343,1819.8,81.11,512,0,0.981,17.12,15.52,19.87,6.9214,2.045454545,44.66203,116.95473
"198","ID",0,18,2011.2,97.03,545,0,0.992,0.11,1.58,16.4,17.0745,0,45.71372,115.64173
"199","ID",0,63,2727.4,45.12,724,0.113,0.66,0,38.7,24.57,8.8387,0.121218182,44.71089,113.78403
"200","ID",0,234,2057.6,40.62,707,0,0.648,0,58.94,19.42,1.6586,0,43.48905,115.12612
"201","ID",1.97,293,2139,53.44,573,0.375,0.692,3.07,37.94,19.7,26723.2327,0.20455,45.46657,115.39923
"202","ID",0.38,241,2004.7,40.95,675,0.098,0.75,5.02,51.64,19.93,2580.6349,1.810627273,43.34053,115.53651
"203","OR",8.92,238,1013.1,76.8,91,22.583,0.983,14.81,10.39,12.45,6292.0638,4.068245455,42.42288,123.25288
"204","OR",0,73,482.2,94.88,29,0.182,2.393,14.87,0.13,13.66,131.5824,1.158043506,45.88219,123.29801
"205","OR",0,6,377.9,99,26,0,1.894,18.86,0.39,22.98,9.0603,0.6667,43.32611,123.84609
"206","OR",0,50,1896,66.99,39,0,0.833,19.05,32.1,10.97,15.5585,0.6667,44.95604,118.37558
"207","OR",0,233,704.9,94.08,46,0.041,1.764,22.34,2.98,18.52,49.0209,1.818236364,43.02091,123.82502
"208","OR",0.1,38,1521.6,81.37,204,2.118,0.855,17.8,9.67,4.98,4550.5298,0.6591,43.97674,121.40618
"209","OR",0.7,100,1318.7,11.9,501,0.179,0.368,6.26,87.31,15.68,184.0576,0.33335,44.44759,117.36697
"210","OR",0,210,1611.3,86.6,403,0,0.639,28.23,13.4,15.01,2.092,0,44.84428,118.49367
"211","OR",0,354,2016.7,98.57,418,0,1.006,0,1.31,22.35,1.2382,0,44.33353,118.64122
"212","OR",1.7,269,1301.7,56.23,262,0.557,0.503,10.98,41.25,13.01,15422.5539,2.113677273,44.90409,120.45362
"213","OR",0,70,1680.8,53.1,358,0.078,0.627,10.84,46.7,8.62,12.7634,3.055611111,44.01947,119.47631
"214","OR",0,191,1103.1,47.57,287,0.195,0.427,7.38,52.31,13.78,41.0092,2.9931,44.82201,120.15535
"215","OR",0,172,1179.7,66.51,168,0,1.148,7.2,0.46,7.71,3.2376,0.909136364,45.18545,121.64106
"216","OR",0,326,1755.8,94.46,418,0.378,0.764,20.72,4.75,13.93,37.0833,0.33335,44.53202,118.47835
"217","OR",0,108,1058.7,91.54,180,0,0.978,10.06,5.11,6.48,11.8659,0.761904762,45.09683,121.5505
"218","OR",0,331,1174.6,49.79,276,0.139,0.451,11.53,49.54,12.8,129.45,1.870388889,45.09772,120.10121
"219","OR",0,336,1701.9,95.03,415,0.387,0.732,27.48,4.07,13.85,46.512,3.152916667,44.57589,118.49073
"220","OR",0,212,881.4,3.73,231,0,0.307,3.47,96.09,5.95,35.3899,1.030304545,44.84534,121.00327
"221","ID",0,229,1550.5,90.25,544,0.71,0.837,15.23,9.5,11.75,21.1166,1.325795455,44.91362,116.22571
"222","OR",1.63,356,873,0.16,214,0.091,0.311,2.26,97.11,8.1,230.1742,0.424263636,45.14138,120.9674
"223","OR",0,24,1697.4,89.52,382,0,0.549,12.26,9.49,9.97,16.2237,1.5,44.61148,118.94006
"224","OR",0,207,1730.7,90.55,376,0,0.553,16.37,9.43,9.33,13.2382,2.734895455,44.04778,119.25261
"225","OR",4.55,30,1286.8,46.33,226,4.293,0.523,12.89,45.94,6.36,24538.1897,2.000040909,44.8663,121.05829
"226","OR",10.1,293,1374.7,49.28,341,0.171,0.428,10.35,40.5,9.78,538.7617,1.83335,44.75647,119.41316
"227","ID",0,238,1348.5,28.51,468,0.036,0.649,10.59,71.47,14.72,27.5972,1.356063636,45.86143,116.61914
"228","ID",0,64,1692.1,76.02,552,0,1.641,0,22.39,20.93,8.6385,0,46.62902,115.16426
"229","ID",0,133,2354.8,64.64,693,0,0.608,6.12,33.07,18.22,18.912,0.780309091,44.81675,114.14713
"230","ID",0,119,1742.7,89.79,593,0,1.055,1.56,6.37,20.33,119.8611,0,45.85814,114.91584
"231","WA",0,267,1064.1,99.27,165,0,0.802,20.63,0.18,4.79,37.785,0.151522727,46.15187,120.9786
"232","WA",0,53,1565.1,84.8,137,0,1.423,15.02,2.59,7.65,13.1308,0.784999134,46.26366,121.35376
"233","WA",0,108,977.2,91.8,32,0.593,3.136,1.28,4.24,19.2,3.3668,1.204545455,48.04206,121.72463
"234","WA",0,85,1404.7,67.64,126,0.106,1.167,13.56,31.74,13.51,28.382,0.484872727,46.72988,120.93914
"235","WA",0,12,1125.8,66.49,131,0,0.818,36.33,32.72,20.03,3.7103,0.636381818,47.42888,120.58642
"236","WA",0,82,1974.5,91.25,187,0,0.757,9.41,3.02,12.43,3.6277,3.33335,48.75608,119.89609
"237","WA",0,105,869.6,85,8,0,1.792,21.51,0.37,28.55,13.0424,1.5,47.74267,122.97348
"238","WA",0.06,184,952.4,92.84,272,0.022,0.43,22.93,2.81,15.74,91.406,2.730904978,48.1391,118.52751
"239","ID",0,63,1291.8,86.48,526,0,1.534,18.6,5.47,16.35,225.0333,0.378804545,46.60219,115.52497
"240","ID",0,166,2138.5,59.67,543,0.026,1.426,8.97,33.34,11.36,39.1141,0.174245455,45.07931,116.0938
"241","ID",0,207,1577.2,46.28,514,0.128,0.869,24.47,53.38,26,7.8281,0,45.43438,116.24657
"242","ID",0,205,2251.6,82.88,661,0,0.794,11.25,17.21,21.02,6.0547,0.33335,45.02333,114.44525
"243","ID",10.81,280,2258.3,44.86,904,1.938,0.819,5.19,35.22,12.08,22314.6232,3.356172727,43.78725,111.89756
"244","ID",0,75,1358.2,49.35,480,0,1.453,23.18,10.64,16.98,12.7417,0.878831818,46.86041,116.03806
"245","ID",0,106,2366.7,56.63,972,0.026,0.961,8.65,42.14,13.65,38.8734,2.075786364,42.37661,111.47717
"246","ID",0,256,1693.2,67.98,413,0.027,1.351,0.2,23.84,24.78,37.7326,0,48.75671,116.73369
"247","ID",0,124,2399.4,66.35,869,0,0.79,2.3,30.93,12.36,37.1369,1.84922381,44.4664,111.91133
"248","ID",0,59,2236,61.55,660,0,0.821,1.38,16.6,24.29,23.0753,0,44.13731,115.18667
"249","ID",37.77,344,1060.2,32.48,441,3.143,0.579,12.9,28.58,9.55,348.0811,1.977313636,46.36471,116.74636
"250","ID",0,167,1119.1,92.84,422,1.171,1.031,13.02,0,14.18,5.9777,2.272768182,47.10877,116.73196
"251","ID",0,299,2264.5,63.02,964,0,0.619,7.35,36.22,20.99,3.9986,0.33335,43.52574,111.25428
"252","ID",0,226,2505.1,77.9,678,0.032,0.789,2.82,9.46,20.71,215.7882,1.772809091,44.38768,114.69394
"253","ID",0,203,1227,87.95,505,1.21,1.264,21.25,6.19,18.12,4.9581,0.969745455,46.66214,115.7863
"254","ID",0.02,194,1050.4,94.1,447,0,1.085,1.82,1.41,15.22,5.6908,1.5,46.93882,116.46172
"255","ID",0,42,2053.2,63.56,947,1.325,0.749,6.73,33.82,12.23,24.1575,0,42.85248,112.07726
"256","ID",0,15,1608.1,99.09,500,0,1.206,0.3,0.74,26.17,7.2701,0.742454545,47.19756,115.63723
"257","ID",0,189,2115.6,64.77,582,1.181,1.067,0.94,33.24,16.6,2.5399,1.00005,44.70859,115.83017
"258","ID",0,179,1513.9,94.86,552,0.07,1.173,6.42,1.9,14.22,56.8199,2.166668182,45.89351,115.44778
"259","OR",0,275,1727.2,65.59,242,0.018,0.664,15.24,22.68,3.97,1137.1881,1.5,42.68841,121.25764
"260","OR",10.07,313,794.6,78.77,57,26.647,1.599,13.5,4.87,14.53,10211.3929,0.984890909,44.49434,123.22857
"261","OR",0,78,1698.4,82.66,301,0.227,0.627,17.59,17.34,12.18,4.4036,1.5,44.47633,120.13192
"262","OR",0,279,1736.6,89.52,377,0.035,0.79,5.3,10.32,15.43,28.3874,0.98417619,45.09325,118.66608
"263","OR",4.57,20,1273,45.58,204,4.202,0.519,12.72,46.73,6.52,25152.7128,2.697009091,45.15342,121.10704
"264","OR",0,313,1521.7,80.12,370,0.175,0.578,14.63,19.86,9.18,17.1483,0.027779167,44.92587,118.89044
"265","OR",0,268,1426.4,67.92,367,0.031,0.687,23.38,25.66,6.65,160.1502,1.742463636,45.17222,118.73584
"266","WA",2.47,290,254.2,90.41,17,1.852,2.759,13.92,0.34,15.1,221.4068,0.553031818,46.57226,123.61003
"267","WA",0,332,83,81.42,7,0,2.654,8.15,0.15,11.85,2.3913,0,48.08744,124.59939
"268","WA",10.81,272,756.2,71.22,10,11.714,1.928,10.37,4.38,18.22,1925.1715,2.083377273,48.86705,122.565
